customer_id,y_pred,y_proba
6397-JNZZG,0,0.2783865066137276
6711-VTNRE,1,0.5487087025383715
4338-EYCER,0,0.27808162438103823
6907-CQGPN,0,0.27161608067560544
5193-QLVZB,0,0.12082065010376372
8566-YPRGL,0,0.2669621526708323
4295-YURET,0,0.04177216747467684
9728-FTTVZ,1,0.5414371632716996
4710-FDUIZ,0,0.12006727861737895
4671-VJLCL,0,0.04223840007070886
8715-KKTFG,0,0.12057472271820072
8740-CRYFY,1,0.5453031851056336
9743-DQKQW,0,0.2687171229168388
9633-DENPU,0,0.2793667254384766
4690-PKDQG,1,0.5518725415799923
0265-PSUAE,1,0.5539070599372538
2758-RNWXS,0,0.11820574651823422
8033-ATFAS,0,0.2797690644757029
4795-UXVCJ,0,0.03852228150364814
1559-DTODC,0,0.2687328251216422
7398-SKNQZ,1,0.5516156328140601
2657-VPXTA,1,0.5492231013059901
0361-HJRDX,0,0.04124761432640064
9133-AYJZG,1,0.5531171663784359
9787-XVQIU,1,0.543856519285369
5906-BFOZT,0,0.2669621526708323
6135-OZQVA,0,0.27777694751714876
5269-NRGDP,0,0.0418073636333185
2817-LVCPP,0,0.038498612227970276
3120-FAZKD,0,0.03877463172605472
8069-YQQAJ,0,0.2706055260554457
0297-RBCSG,0,0.04131085923545103
9972-EWRJS,0,0.038489739849358336
1877-HKBQX,0,0.040635813936406986
7996-BPXHY,0,0.03883125598096342
6907-FLBER,0,0.27798538844108484
6370-ZVHDV,0,0.038849153804323466
9867-XOBQA,0,0.04054557372707012
6586-PSJOX,0,0.04067321094610533
2927-CVULT,0,0.12070187256385653
2187-PKZAY,1,0.5456993995230858
2057-BOYKM,0,0.11944397176491976
2155-AMQRX,0,0.2781778808009877
9842-EFSYY,0,0.2789165265923867
9489-DEDVP,0,0.04155521952618545
5840-NVDCG,0,0.041494794632466275
3541-ZNUHK,1,0.5477389765591042
9822-OAOVB,0,0.27835440408029927
5850-BDWCY,0,0.2671811249717326
4010-YLMVT,1,0.5562356456204519
8337-UPOAQ,1,0.5495989416332414
4385-ZKVNW,0,0.2781778808009877
4646-QZXTF,0,0.28671175510574076
0572-ZJKLT,0,0.11995757575735454
4905-JEFDW,0,0.03983358703709759
1522-VVDMG,1,0.5495791619707311
1626-ERCMM,1,0.5514772859047337
1448-PWKYE,1,0.545719208729015
3440-JPSCL,1,0.5536108815355899
1333-PBMXB,0,0.03881634717261773
2987-BJXIK,0,0.04255306613851741
9110-HSGTV,0,0.04240680945426929
4581-SSPWD,1,0.5440547369865971
5627-TVBPP,0,0.03854004262694764
9873-MNDKV,0,0.27490075084711574
5144-PQCDZ,0,0.2671029074789173
2397-BRLOM,1,0.5458974850620191
1393-IMKZG,1,0.5519911055272865
8628-MFKAX,0,0.12287255810771627
4468-YDOVK,0,0.2761767756542751
9720-JJJOR,0,0.04099241878525767
2576-HXMPA,0,0.2669777897648266
0691-JVSYA,0,0.11915013990067973
8705-DWKTI,1,0.5472242803850782
5322-TEUJK,0,0.12250273409079193
9640-ZSLDC,0,0.04101127021419472
8150-QUDFX,0,0.26707162455694905
2293-IJWPS,0,0.1201432774932273
1229-RCALF,0,0.12257146596780331
0224-HJAPT,0,0.27569783728653424
9498-FIMXL,0,0.03848678282603892
5201-FRKKS,1,0.54346004226597
5067-WJEUN,0,0.040610900892429296
0017-DINOC,0,0.040054209822488585
1471-GIQKQ,0,0.276592271531747
3577-AMVUX,0,0.2782260166895464
3088-FVYWK,0,0.03886407470374551
6614-FHDBO,0,0.12157809554829685
6481-ESCNL,1,0.5538478273119903
7252-NTGSS,0,0.27506005362381275
7874-ECPQJ,0,0.2671341927296169
9334-GWGOW,1,0.5436781114740518
0757-WCUUZ,0,0.0411844620827057
2208-NKVVH,0,0.038786546033045176
0526-SXDJP,0,0.03986415929303672
3331-HQDTW,1,0.5574975813796406
8266-VBFQL,1,0.5498362853369777
1755-RMCXH,0,0.2672124160436501
6950-TWMYB,0,0.11667361023705841
9114-DPSIA,0,0.042312809843018565
0923-PNFUB,1,0.5472044823543947
1310-QRITU,0,0.2767042017504897
5151-HQRDG,0,0.2782260166895464
2410-CIYFZ,0,0.26724370944381054
4323-ELYYB,0,0.0385341213792754
1848-LBZHY,0,0.2767042017504897
0336-KXKFK,0,0.04104899797061575
2476-YGEFM,1,0.5441340201632234
8050-DVOJX,0,0.042335481153926505
0201-MIBOL,0,0.12042229548249662
7544-ZVIKX,0,0.12087158562003739
0856-NAOES,0,0.2801073029780794
6733-LRIZX,0,0.12153543418768538
6695-AMZUF,0,0.04266715445124729
5318-IXUZF,1,0.5485504049976091
1492-QGCLU,0,0.28816832002006026
4751-ERMAN,0,0.041951643463990045
6383-ZTSIW,0,0.11986481788773076
5928-QLDHB,1,0.5442331209881652
3247-ZVOUO,1,0.5479171168899214
1069-XAIEM,1,0.5477191824331371
3606-SBKRY,0,0.040353289764879646
0927-LCSMG,1,0.5435988155130943
6410-LEFEN,0,0.27506005362381275
0020-JDNXP,0,0.0410521434494724
2737-WFVYW,0,0.2750919210528667
5734-EJKXG,0,0.12319154685714676
9442-JTWDL,0,0.0385370818939444
7521-AFHAB,0,0.2749485356649959
0679-IDSTG,1,0.5414570021605809
5196-SGOAK,1,0.5440150945607525
9692-TUSXH,1,0.5520701448760204
4450-MDZFX,1,0.5434798674291316
1891-FZYSA,1,0.5496582796798452
9512-UIBFX,1,0.5517144471456167
7552-KEYGT,0,0.038507486569871255
0929-HYQEW,0,0.2766562282323056
3865-YIOTT,0,0.12105000579920641
9825-YCXWZ,0,0.1202024164432158
0739-UUAJR,0,0.04058600247600857
1492-KGETH,0,0.04214153181148207
6908-VVYHM,1,0.5499351718585348
8706-HRADD,0,0.2745504864468473
7586-ZATGZ,1,0.5476597991497822
4547-FZJWE,0,0.04093905143929278
2240-HSJQD,1,0.5464520470815042
0895-DQHEW,1,0.5553281799222978
6173-GOLSU,1,0.5515168144069932
0657-DOGUM,0,0.04101127021419472
1752-OZXFY,0,0.04096101816895248
0816-TSPHQ,0,0.2673532546772651
9891-NQDBD,0,0.03886407470374551
2651-ZCBXV,0,0.12137343863813872
6878-GGDWG,0,0.2669308802298795
8221-HVAYI,0,0.0415520371711118
5924-SNGKP,0,0.03854892613611001
3716-UVSPD,0,0.27638447533672944
2212-LYASK,0,0.04009416909750062
9975-SKRNR,0,0.26677455297035274
1960-UYCNN,1,0.5517539717353865
9817-APLHW,0,0.26868572024833176
3572-UUHRS,0,0.03846608976834575
4381-MHQDC,0,0.041288712968896156
5453-AXEPF,1,0.5459172928178495
0959-WHOKV,0,0.11984795947856805
1208-DNHLN,0,0.040248214896421705
2931-VUVJN,0,0.1190160250635278
2688-BHGOG,1,0.5455409206726798
4468-KAZHE,0,0.2798173689665494
5996-EBTKM,0,0.04159979698601917
4566-NECEV,1,0.5522677317295904
0997-YTLNY,0,0.2762246977816773
2616-FLVQC,0,0.038507486569871255
1468-DEFNC,0,0.03879548406874068
9481-IEBZY,1,0.5587193743266278
9242-TKFSV,0,0.04129503931407774
1016-DJTSV,1,0.5416355462384326
3941-XTSKM,0,0.040048065629947845
1791-PQHBB,0,0.28020398842184485
5945-AZYHT,0,0.1216463805619249
6729-FZWSY,0,0.03850157012377447
1261-FWTTE,0,0.2717267535535888
9780-FKVVF,0,0.27954371096047326
1757-TCATG,0,0.0385370818939444
3195-TQDZX,0,0.2671967702166523
4816-LXZYW,1,0.5453824325949113
8903-WMRNW,1,0.5543216453591767
8010-EZLOU,1,0.545798444104791
0447-BEMNG,0,0.2751078556264781
9965-YOKZB,1,0.5472440782663491
4883-QICIH,1,0.5416553838101589
7410-YTJIK,1,0.5439159860573072
2599-CZABP,0,0.040017358212620396
0841-NULXI,0,0.27201147072752896
5696-QURRL,0,0.2750281884857841
9467-ROOLM,0,0.26682144503224753
6281-FKEWS,0,0.040291449235748435
7242-QZLXF,0,0.26877993521803684
8450-LUGUK,0,0.03877760997349626
1597-LHYNC,1,0.5516551590361716
8118-TJAFG,1,0.5542229413780809
2135-DQWAQ,1,0.5478181515522442
1223-UNPKS,0,0.0385370818939444
6339-DKLMK,0,0.27077904672995695
6833-JMZYP,1,0.5512598675300224
5922-ABDVO,1,0.549539602175615
6211-WWLTF,0,0.11996601136445194
9927-DSWDF,1,0.5554465660753692
8515-OCTJS,0,0.03881634717261773
2782-JEEBU,0,0.2721538993660299
1427-VERSM,1,0.5531171663784359
5360-LJCNJ,0,0.12088856824079006
7684-XSZIY,0,0.038789525158685494
0048-LUMLS,0,0.11853930165122128
8242-PDSGJ,0,0.03968410756546728
9840-DVNDC,1,0.5459172928178495
3034-ZBEQN,0,0.03941397843312182
8822-KNBHV,0,0.042471753018914725
2272-UOINI,0,0.2858138353467837
1247-QBVSH,0,0.27667221883432824
3688-FTHLT,0,0.2808006654630155
3131-NWVFJ,0,0.038507486569871255
2342-CKIAO,0,0.2672124160436501
9191-MYQKX,1,0.5437970512630675
3580-HYCSP,0,0.12176595884066316
5693-PIPCS,0,0.11995757575735454
2815-CPTUL,1,0.5418537522540796
0771-WLCLA,1,0.558739074879752
5373-SFODM,1,0.5477983580306914
5522-JBWMO,0,0.27469374289727944
3329-WDIOK,0,0.2768001641944271
6543-JXSOO,0,0.04083251622008225
4716-MRVEN,0,0.0385341213792754
3009-JWMPU,0,0.11946918647445774
3914-FDRHP,1,0.5481941996528328
9897-KXHCM,1,0.545838060923051
5348-CAGXB,1,0.5495000417541133
7707-PYBBH,0,0.2804296670336534
9746-UGFAC,0,0.03858447983210681
5522-NYKPB,1,0.5480556619952425
9227-LUNBG,0,0.2685601327915995
1729-VLAZJ,0,0.039751154162238615
5889-LFOLL,1,0.5475410285140639
6993-OHLXR,1,0.5413379668579176
6035-RIIOM,0,0.11954485820830427
1045-LTCYT,0,0.2674471732861099
0868-VJRDR,0,0.12070187256385653
2097-YVPKN,0,0.03887601538240258
1020-JPQOW,1,0.5498956177229485
4927-WWOOZ,1,0.5502515821757417
9039-ZVJDC,0,0.26683707688456054
3597-YASZG,0,0.12076973310316515
6092-QZVPP,0,0.2860422366657397
7879-CGSFV,0,0.12016861968061855
7963-GQRMY,0,0.2747892729931129
1488-SYSFC,0,0.26732195312935625
5186-SAMNZ,1,0.5415561946322014
9172-ANCRX,1,0.5531171663784359
2202-OUTMO,0,0.2800911907190572
8207-DMRVL,0,0.12249414493817158
9637-EIHEQ,0,0.27686415056828767
0365-TRTPY,1,0.5501527083068685
5930-GBIWP,0,0.042345200983820865
9912-OMZDS,0,0.12105850766017548
3605-JISKB,0,0.040973575651421595
6185-TASNN,0,0.2754266673383067
6671-NGWON,0,0.2672280624527087
4094-NSEDU,1,0.5513586964976817
3316-UWXUY,1,0.5510621974582879
1414-YADCW,0,0.11744165322106744
4676-WLUHT,0,0.040115701449690636
3587-PMCOY,0,0.11983110311763846
2498-XLDZR,0,0.0418361815839929
7247-XOZPB,0,0.042080291799802
7435-ZNUYY,0,0.03856966196859937
1697-NVVGY,0,0.2818831033555201
3677-TNKIO,1,0.5421512800237293
8336-TAVKX,0,0.042147983082697314
5277-ZLOOR,1,0.5479171168899214
9572-MTILT,1,0.5562948152016396
8220-OCUFY,0,0.04098927768699236
5133-POWUA,0,0.2752672328575889
6082-OQFBA,0,0.038513403888717254
8205-VSLRB,0,0.04207385043446799
5884-FBCTL,0,0.03883722104275216
6851-WEFYX,1,0.5539465475037418
0259-GBZSH,1,0.5479567019644712
3259-KNMRR,0,0.04223193557023734
9592-ERDKV,0,0.042199627251766895
2190-PHBHR,0,0.1190830661538798
3525-DVKFN,0,0.038498612227970276
3635-JBPSG,0,0.03966279730166683
3863-IUBJR,0,0.04057666933942648
0258-NOKBL,1,0.5498362853369777
1205-WNWPJ,0,0.27965637383120656
7825-GKXMW,0,0.2752672328575889
9095-HFAFX,1,0.546115362371793
0301-FIDRB,0,0.04121286913290064
0442-TDYUO,0,0.0385370818939444
9257-AZMTZ,0,0.03854004262694764
4195-NZGTA,0,0.26876423127225924
5055-BRMNE,0,0.12115206211685334
1918-ZBFQJ,1,0.5454220554776917
1840-BIUOG,0,0.04152340646508324
6248-BSHKG,0,0.038557811610810046
3902-MIVLE,0,0.04197091671153433
4508-OEBEY,0,0.041958066939339636
2207-NHRJK,0,0.27686415056828767
2480-EJWYP,0,0.11964581828558898
0314-TKOSI,0,0.2782581101254542
5578-NKCXI,0,0.11989010934225765
4274-OWWYO,1,0.5434798674291316
2311-QYMUQ,1,0.5494604807067162
7786-WBJYI,1,0.5449069133132449
1379-FRVEB,1,0.5500736063584866
0973-KYVNF,0,0.0416476093105837
0875-CABNR,1,0.5475410285140639
2230-XTUWL,0,0.038507486569871255
1399-UBQIU,0,0.28283839080072326
4365-MSDYN,0,0.2669777897648266
1209-VFFOC,0,0.040748103859525035
1024-KPRBB,0,0.11818909011531535
8450-UYIBU,0,0.2733743622790376
0576-WNXXC,1,0.5518725415799923
8329-IBCTI,0,0.26700906569976446
2075-RMJIK,0,0.2764164377013564
7619-PLRLP,0,0.0418682238094094
6173-ITPWD,1,0.5470460927374498
1792-UXAFY,1,0.5493417938140555
6898-MDLZW,0,0.2778090090906038
6390-DSAZX,1,0.5431824755521438
1623-NLDOT,0,0.03934445700957203
7711-YIJWC,0,0.042566090034741544
1784-EZDKJ,0,0.12116907871347365
5077-DXTCG,0,0.2751078556264781
1269-FOYWN,0,0.0385341213792754
5977-CKHON,1,0.5506865799317548
8627-ZYGSZ,0,0.1165007856039609
6786-OBWQR,1,0.5460559430354406
1494-EJZDW,0,0.03854300357829986
3976-NLDEZ,0,0.2673063032283005
3807-BPOMJ,0,0.11913336840188249
8008-OTEZX,0,0.038513403888717254
3955-JBZZM,1,0.5452437479823669
6513-EECDB,1,0.5431626483300905
9101-NTIXF,0,0.2669308802298795
9853-JFZDU,0,0.27880404641724604
2675-OTVVJ,1,0.5494604807067162
4307-KWMXE,0,0.27207476658047564
5954-BDFSG,0,0.12128825259308772
2604-XVDAM,0,0.2746300676307488
6121-TNHBO,0,0.042442516661209094
3049-SOLAY,1,0.551734209522195
7932-WPTDS,0,0.26862292187621967
4659-NZRUF,1,0.5517144471456167
2105-PHWON,1,0.5516551590361716
4626-GYCZP,1,0.5512005682058891
7225-CBZPL,1,0.5515761059398672
7375-WMVMT,0,0.11925920441547397
8565-HBFNN,0,0.12123716570669732
1260-TTRXI,0,0.27798538844108484
6394-MFYNG,1,0.5565511982457855
9992-UJOEL,0,0.2767042017504897
2027-WKXMW,1,0.5570835897136907
7139-JZFVG,0,0.041004985482666796
1970-KKFWL,0,0.03872998434770066
7766-CLTIC,0,0.2801234158033106
1564-HJUVY,0,0.2810266370172592
8815-LMFLX,0,0.26881134485044056
0305-SQECB,0,0.039495740857962515
0282-NVSJS,0,0.27003812947415035
7363-QTBIW,1,0.5456201612532764
3696-XRIEN,0,0.042410054377253634
8749-JMNKX,1,0.5511808014409549
3910-MRQOY,0,0.038498612227970276
4236-UJPWO,0,0.26852874173245717
6161-UUUTA,1,0.5456795901724855
9359-JANWS,0,0.040904555076410276
4325-NFSKC,1,0.5499153948696218
7140-ADSMJ,0,0.2672593570169381
1371-WEPDS,0,0.040710640911693644
5887-IKKYO,0,0.11906630282014646
7605-BDWDC,0,0.04034091438952289
5141-ZUVBH,1,0.550864511255602
1095-WGNGG,0,0.12019396648328495
7956-XQWGU,0,0.2669308802298795
4806-DXQCE,0,0.12233962877726702
1036-GUDCL,0,0.28599328431740045
9909-IDLEK,1,0.5523665189713852
6345-ULYRW,0,0.11807255219652804
0295-QVKPB,0,0.28109122066001146
0220-EBGCE,1,0.5480358702928315
9838-BFCQT,0,0.03889692004120547
5208-FVQKB,0,0.04147573055705393
7740-BTPUX,0,0.12233104946633096
2333-KWEWW,0,0.0385370818939444
9221-OTIVJ,1,0.5555452163956746
4057-FKCZK,0,0.11709425378026402
2990-IAJSV,0,0.043030913516792495
2931-FSOHN,0,0.2797851654060191
0302-JOIVN,1,0.5540847486215549
0799-DDIHE,0,0.2754266673383067
1932-UEDCX,1,0.5538675716904011
0872-CASZJ,0,0.04154885504918238
6624-JDRDS,0,0.270085383882109
0928-XUTSN,1,0.5459172928178495
2650-GYRYL,0,0.03850157012377447
0519-DRGTI,0,0.2672280624527087
2025-JKFWI,1,0.5532356676084241
1670-SVOWZ,1,0.549539602175615
7142-HVGBG,1,0.5548151008496798
5686-CMAWK,0,0.11779824941426628
3278-FSIXX,0,0.2750919210528667
8780-YRMTT,0,0.0401896108089115
7131-ZQZNK,0,0.04096415719413209
5651-CPDND,0,0.2753309997810461
0187-QSXOE,1,0.5492824482611207
3422-LYEPQ,1,0.5421512800237293
4377-VDHYI,0,0.11847252551771138
1696-MZVAU,0,0.038846170284144464
6509-TSGWN,0,0.2691412860942019
8217-QYOHV,0,0.2784507185022948
9172-JITSM,1,0.5499945018780981
2165-VOEGB,0,0.12089706032287884
3422-WJOYD,0,0.04062024156933523
9402-ROUMJ,0,0.12005883686096147
2468-SJFLM,1,0.54346004226597
9225-BZLNZ,0,0.0425888910188
0947-MUGVO,1,0.5432023026373708
7379-POKDZ,1,0.5418735883697734
1684-FLBGS,0,0.28288701708872677
2250-IVBWA,1,0.5461351685253959
8007-YYPWD,0,0.0388342384019537
2054-PJOCK,0,0.04228367806576927
6128-AQBMT,0,0.2778731390682766
4945-RVMTE,0,0.27967247079444324
0675-NCDYU,0,0.12281228884298406
9102-OXKFY,0,0.04060778779059209
0687-ZVTHB,0,0.041762573441661954
8725-JEDFD,1,0.5413776458170573
8084-OIVBS,0,0.0385341213792754
7108-DGVUU,0,0.04171463488068185
0708-LGSMF,0,0.2817052158436876
2309-OSFEU,0,0.2714896320052047
7706-YLMQA,0,0.038516362875457934
5555-RNPGT,0,0.26862292187621967
3190-ITQXP,0,0.03854892613611001
1415-YFWLT,1,0.5494011379631389
3244-CQPHU,0,0.12173178329050897
3084-DOWLE,0,0.043030913516792495
9054-FOWNV,1,0.549183535891056
2916-BQZLN,1,0.547600414509538
3144-KMTWZ,1,0.550963356369493
7665-TOALD,1,0.541595870699058
5781-BKHOP,0,0.12012638526541196
4573-JKNAE,0,0.03849565455030933
8182-BJDSI,1,0.5496582796798452
7811-JIVPF,0,0.2765123384995316
8481-YYXWG,1,0.5494209190339138
0247-SLUJI,0,0.26702470454067306
2085-JVGAD,0,0.2672280624527087
0336-PIKEI,0,0.04188746040824908
7268-WNTCP,0,0.038560773872564826
9297-EONCV,0,0.042988158453705655
1855-AGAWH,0,0.11897414096089765
0835-JKADZ,0,0.1219284055805459
6806-YDEUL,0,0.2669621526708323
7641-EUYET,1,0.5539070599372538
0727-BMPLR,0,0.12001663576675761
3884-HCSWG,1,0.541754569686702
4012-YCFAI,0,0.0410584350993334
5577-OTWWW,0,0.26704034396385173
0378-XSZPU,0,0.04099241878525767
4238-JSSWH,1,0.5544400844806755
1202-KKGFU,0,0.27795331434632564
1353-LJWEM,0,0.2801073029780794
6563-VRERX,0,0.03856966196859937
5542-TBBWB,1,0.5417148957327506
4140-WJAWW,0,0.26707162455694905
1952-DVVSW,0,0.03854004262694764
8231-BSWXX,0,0.11652546122358601
0623-IIHUG,0,0.27402561026627636
8224-DWCKX,1,0.5430635101695944
7072-MBHEV,1,0.5449663577203514
5312-TSZVC,0,0.038513403888717254
7636-XUHWW,0,0.26708726572683306
6131-IUNXN,0,0.2671811249717326
3932-CMDTD,0,0.12097351221658693
4913-EHYUI,0,0.12078670337966282
0674-DGMAQ,1,0.5510621974582879
2933-XEUJM,0,0.04219639771973714
7718-RXDGG,1,0.5411990863756632
6196-HBOBZ,0,0.11990697287269458
5081-NWSUP,0,0.041282387551168455
4860-IJUDE,1,0.543241956397098
3162-ZJZFU,1,0.5506865799317548
0829-XXPLX,1,0.5494406999484599
6234-RAAPL,0,0.11999975891638676
5440-FLBQG,0,0.12144162459642836
0440-QEXBZ,0,0.2766562282323056
6549-YMFAW,0,0.26750979732820235
6250-CGGUN,0,0.11740852910197228
4612-THJBS,0,0.12082065010376372
4054-CUMIA,0,0.2671967702166523
5375-XLDOF,0,0.12245979350908218
8229-BUJHX,0,0.0385637363527715
5073-WXOYN,0,0.27686415056828767
3518-FSTWG,0,0.12163784312863447
3503-TYDAY,1,0.5458974850620191
1222-LRYKO,0,0.2691098520983659
6968-MHOMU,0,0.04004192234059313
9210-IAHGH,0,0.2832924329443635
7623-HKYRK,0,0.26702470454067306
4393-GEADV,0,0.12252850465779973
2673-ZALNP,0,0.03852820100488144
0356-ERHVT,0,0.2752991151744054
5699-BNCAS,0,0.03881038518741961
7369-TRPFD,0,0.0384631344892909
1585-MQSSU,0,0.2770881747468614
8200-KLNYW,0,0.042306334457327496
0186-CAERR,0,0.12279507372325803
5949-XIKAE,1,0.5471252887387634
0345-HKJVM,1,0.5494011379631389
0506-YLVKJ,0,0.038545964748015756
7452-FOLON,0,0.038858105684212156
3258-ZKPAI,0,0.12284672530913285
9705-IOVQQ,0,0.11984795947856805
5119-NZPTV,1,0.5417942431111868
3571-DPYUH,0,0.11912498341805772
7244-QWYHG,0,0.04000815038819864
3913-FCUUW,0,0.04163485422013804
2359-KLTEK,1,0.5516156328140601
5397-NSKQG,0,0.04040592569388063
3540-RZJYU,1,0.5481744090156734
9782-LGXMC,0,0.28038129799379075
2911-WDXMV,1,0.5459371004283308
2308-STERM,0,0.2669308802298795
4462-CYWMH,1,0.5495989416332414
5186-PEIZU,0,0.26688397593630114
2189-UXTKY,0,0.2860422366657397
0479-HMSWA,0,0.1209395284512329
7503-QQRVF,1,0.54346004226597
2988-QRAJY,0,0.12172324069407428
5642-MHDQT,0,0.03852524114512705
2511-MORQY,0,0.04065450832341635
4163-KIUHY,0,0.2688741710781383
2277-BKJKN,0,0.11988167834528463
2969-VAPYH,0,0.041004985482666796
4763-PGDPO,1,0.541913260202883
7750-EYXWZ,0,0.04101441292571816
4747-LCAQL,0,0.2859769679839872
5071-FBJFS,0,0.2767042017504897
2866-IKBTM,0,0.2669777897648266
7228-OMTPN,1,0.5490648359163851
8821-KVZKQ,0,0.04087321889607352
0939-EREMR,0,0.27771283120183554
6968-URWQU,0,0.04074498068682394
8100-PNJMH,0,0.042824093732396214
4720-VSTSI,1,0.5476202095402826
7825-ECJRF,1,0.5562356456204519
9026-LHEVG,0,0.2736601571158657
8473-VUVJN,1,0.5432023026373708
0679-TDGAK,0,0.041958066939339636
7074-IEVOJ,1,0.5454814887231522
7876-AEHIG,0,0.0409829961816589
6728-CZFEI,0,0.04073249028797896
4837-QUSFT,0,0.12004195488576237
9773-PEQBZ,1,0.5456597806772762
4873-ILOLJ,1,0.5498165075598747
2924-KHUVI,0,0.12010949508843546
5349-IECLD,1,0.5516353960066566
1207-BLKSA,0,0.03871511285528012
4353-HYOJD,0,0.2765602966062737
0495-ZBNGW,1,0.5456795901724855
7644-OMVMY,0,0.03852524114512705
2506-TNFCO,1,0.5415760327315339
3570-YUEKJ,0,0.2764643855310419
1251-STYSZ,1,0.5458182525864413
8106-GWQOK,0,0.040973575651421595
4024-CSNBY,0,0.11904954152728249
9978-HYCIN,0,0.1174996399241081
2371-JUNGC,0,0.2671967702166523
3391-JSQEW,0,0.2766562282323056
8197-BFWVU,0,0.04311324896065199
5365-LLFYV,0,0.27528317372975913
1222-KJNZD,0,0.26724370944381054
0396-YCHWO,1,0.5518132573940292
7009-PCARS,0,0.03848086943363881
5170-PTRKA,0,0.0394805874076483
5641-DMBFJ,0,0.04252702976861871
0541-FITGH,0,0.2805102934153235
1436-ZMJAN,0,0.28233621569872874
7074-STDCN,0,0.273612511713853
8681-ICONS,0,0.26732195312935625
6839-ITVZJ,0,0.27983347159672045
9236-NDUCW,0,0.0394381874002548
0013-EXCHZ,1,0.5472638759981457
3269-ATYWD,1,0.5519120635516649
7395-IGJOS,1,0.5463134173292217
2430-RRYUW,0,0.04064827594616695
6114-TCFID,0,0.039705428805581616
9030-QGZNL,0,0.03858447983210681
5968-HYJRZ,0,0.038804424080981455
6121-VZNQB,0,0.26683707688456054
5960-MVTUK,0,0.27017990832458727
7459-IMVYU,0,0.2830329263209442
5090-EMGTC,0,0.120025074960613
4430-YHXGG,0,0.2688270505370307
3717-FDJFU,0,0.038560773872564826
9638-JIQYA,0,0.2686543199014109
6906-ANDWJ,1,0.5436979351185137
4021-RQSNY,1,0.5530381622045091
2892-GESUL,0,0.03849565455030933
7115-IRDHS,0,0.03881038518741961
7905-NJMXS,0,0.28117196292313934
1764-VUUMT,0,0.03853116108292599
6425-YQLLO,0,0.12102450330534839
3877-JRJIP,0,0.2797690644757029
2018-PZKMU,1,0.5548545726335424
4422-QVIJA,0,0.2766562282323056
8573-CGOCC,0,0.26704034396385173
1370-GGAWX,0,0.11903278227512919
1194-SPVSP,0,0.26700906569976446
3569-EDBPQ,1,0.5474420488478273
8992-OBVDG,0,0.2803490547963852
9822-BIIGN,0,0.2836494893882681
5133-VRSAB,0,0.2700538803646593
3967-VQOGC,0,0.038825291798348344
4825-FUREZ,0,0.03854892613611001
7841-TZDMQ,0,0.2753309997810461
8707-HOEDG,0,0.12174887003266385
7892-QVYKW,1,0.5479369095030092
0076-LVEPS,0,0.27501225677595414
9356-AXGMP,0,0.12183433473423272
0306-JAELE,1,0.5520899043022949
6252-DFGTK,0,0.04148526154707162
6522-YRBXD,1,0.5514772859047337
8262-COGGB,0,0.2672593570169381
1686-STUHN,0,0.03852228150364814
5073-RZGBK,0,0.042251331909429424
6439-LAJXL,0,0.28270874545043645
7359-PTSXY,0,0.2752512925579147
4782-OSFXZ,0,0.04242303644235245
4592-IWTJI,0,0.27016415280405975
4550-VBOFE,1,0.5547953646983876
3512-IZIKN,0,0.04130769478729543
0345-XMMUG,0,0.12152690346355735
6202-JVYEU,0,0.03852820100488144
9746-MDMBK,0,0.12230531464017604
3644-QXEHN,1,0.552445545789071
6060-QBMGV,0,0.03852524114512705
2058-DCJBE,1,0.5416553838101589
0032-PGELS,0,0.2704163105625137
2674-MLXMN,1,0.5534923995051843
6996-KNSML,1,0.5436979351185137
0980-PVMRC,0,0.27688014858796894
4123-FCVCB,0,0.04198055650997919
2669-OIDSD,1,0.5536503741929472
7730-CLDSV,0,0.11978897117529734
8563-IIOXK,0,0.04033472806530596
7346-MEDWM,1,0.5470064938433927
2863-IMQDR,0,0.04287652926004554
0690-SRQID,0,0.26700906569976446
4580-TMHJU,0,0.27857916956155326
5318-YKDPV,0,0.04219316842397531
3138-BKYAV,1,0.5478379449225398
7089-IVVAZ,1,0.5549532490644861
4013-UBXWQ,0,0.2845595857757713
5803-NQJZO,0,0.041466201661996195
9501-UKKNL,0,0.27715220218389225
3387-PLKUI,0,0.2667432945084665
5478-JJVZK,0,0.2801073029780794
5622-UEJFI,0,0.03885512150434254
0064-SUDOG,0,0.03855188774259733
7976-CICYS,0,0.2673376036123503
0256-LTHVJ,1,0.5461351685253959
8751-EDEKA,1,0.5496385004878596
2325-ZUSFD,0,0.04161254180280257
2657-ALMWY,1,0.5476795937284148
4534-WGCIR,0,0.03884020390337358
8999-XXGNS,0,0.12099050718725295
4255-DDUOU,0,0.2672750051720739
2056-EVGZL,0,0.12099050718725295
1728-CXQBE,1,0.5513586964976817
8345-MVDYC,0,0.04235492294660026
5245-VDBUR,0,0.03945938194293149
0505-SPOOW,0,0.03852228150364814
7622-NXQZR,0,0.2702902131699936
2432-TFSMK,0,0.11827239245830061
9658-WYUFB,1,0.5514179919320508
7501-IWUNG,0,0.04184899565900786
9643-YBLUR,0,0.28274115341246014
0567-GGCAC,0,0.28026845670622946
8098-LLAZX,1,0.5518330189530627
2809-ILCYT,0,0.03893876172133559
0930-EHUZA,0,0.042012704463331524
2284-VFLKH,0,0.11989010934225765
2323-ARSVR,0,0.1218941907652347
0617-AQNWT,0,0.040217360441369296
8065-YKXKD,1,0.5436384637700712
4091-TVOCN,0,0.04216734256165206
3556-BVQGL,0,0.0385341213792754
1360-JYXKQ,0,0.11986481788773076
6116-RFVHN,1,0.5538083380455036
0489-WMEMG,0,0.04031617454504549
4256-ZWTZI,0,0.2769281460696026
7799-DSEWS,0,0.2825143449485204
5227-JSCFE,0,0.04012493299225687
6350-XFYGW,1,0.5515563422583927
5025-GOOKI,0,0.26677455297035274
4075-JFPGR,0,0.11892389686749351
4367-NUYAO,0,0.03887601538240258
9926-PJHDQ,0,0.042041657745802034
2446-ZKVAF,0,0.27878798009239203
5161-UBZXI,0,0.12109252025299054
4423-YLHDV,1,0.5553676426718305
8541-QVFKM,1,0.5431428209712726
6933-VLYFX,0,0.04097043593535131
6108-OQZDQ,1,0.5528208869264128
1173-NOEYG,1,0.5497373948775334
5442-XSDCW,1,0.5455211101669327
2621-UDNLU,0,0.26738455855278714
6199-IWKGC,0,0.12005883686096147
9290-SHCMB,1,0.5523862759239688
7594-RQHXR,1,0.5455607310342495
8510-BBWMU,0,0.038519322080430005
2371-JQHZZ,1,0.550864511255602
9732-KPKBW,0,0.2778731390682766
4967-WPNCF,0,0.04120655483501526
8938-UMKPI,1,0.5561567503642583
2675-DHUTR,1,0.5531961678698647
6625-UTXEW,0,0.27700815327972356
9420-LOJKX,1,0.5532751666748972
5118-MUEYH,1,0.555643862337661
5207-PLSTK,0,0.2762087231678987
2154-KVJFF,1,0.5456201612532764
8823-RLPWL,0,0.1218257859394437
3569-JFODW,0,0.042961867815113096
3486-NPGST,0,0.038507486569871255
1114-CENIM,0,0.2782099708246321
2984-RGEYA,0,0.038519322080430005
8434-VGEQQ,0,0.03856669905144479
8945-MUQUF,0,0.11914175389608321
6752-APNJL,0,0.27804954345860855
7083-MIOPC,0,0.03854892613611001
6000-UKLWI,0,0.03854300357829986
2907-ILJBN,0,0.03856966196859937
1666-JZPZT,0,0.27628860194942934
4822-YCXMX,1,0.5476202095402826
0111-KLBQG,1,0.5512401012504838
8878-HMWBV,0,0.27633653607294256
3744-ZBHON,0,0.2671811249717326
1049-FYSYG,0,0.27204311750108057
6077-BDPXA,1,0.5418140796247244
0003-MKNFE,0,0.2797851654060191
2458-EOMRE,0,0.28112351587076906
9481-WHGWY,0,0.04194843207894773
7502-BNYGS,0,0.28275735823741505
3858-VOBET,1,0.5437177586245412
4487-ZYJZK,0,0.03851044512019327
2100-BDNSN,0,0.2823847896463024
6408-WHTEF,0,0.04286013657308766
4289-DTDKW,1,0.5541439751136847
0107-WESLM,0,0.26707162455694905
9845-QOMAD,0,0.038519322080430005
4145-UQXUQ,1,0.5505086356359482
1926-QUZNN,0,0.038846170284144464
7854-EKTJL,0,0.2669934274411432
3629-ZNKXA,1,0.5543413856415348
1818-ESQMW,1,0.5493615753531486
3387-VATUS,1,0.5515958694584433
0587-DMGBH,0,0.2765602966062737
3748-FVMZZ,0,0.2734378561510952
4482-EWFMI,1,0.5416355462384326
4827-USJHP,0,0.27718421932306053
8174-TBVCF,0,0.04321555385535056
0725-CXOTM,0,0.04287652926004554
9933-QRGTX,0,0.11954485820830427
1194-BHJYC,0,0.0411088015353048
8143-ETQTI,0,0.038513403888717254
4979-HPRFL,0,0.03878058844046533
4488-KQFDT,0,0.1206849125699134
6502-HCJTI,1,0.551536578414081
4001-TSBTV,1,0.5502911306121094
2878-DHMIN,0,0.03852820100488144
3161-ONRWK,0,0.04134251647796958
8053-WWDRO,0,0.2669621526708323
9089-UOWJG,0,0.2792863001600923
7294-TMAOP,1,0.5498956177229485
9650-VBUOG,0,0.0388342384019537
2176-LVPNX,0,0.04288964772140389
9912-GVSEQ,1,0.5512005682058891
9786-YWNHU,0,0.04119708512412411
9793-WECQC,1,0.55177373378513
4559-UWIHT,1,0.546768888002458
2088-IEBAU,0,0.04277826290025456
3451-VAWLI,0,0.038516362875457934
6725-TPKJO,0,0.0385370818939444
3719-TDVQB,0,0.03847200098041517
5447-VYTKW,0,0.27771283120183554
7398-LXGYX,1,0.5476202095402826
8626-PTQGE,0,0.040976715597819395
9408-HRXRK,1,0.555663590999993
1557-EMYVT,0,0.12258005978472779
0943-ZQPXH,1,0.550844741750485
0277-ORXQS,0,0.04038424411598381
0744-BIKKF,0,0.0426802117090714
4139-DETXS,0,0.041253934645333376
0742-NXBGR,1,0.5466302747465935
4080-OGPJL,0,0.28342224019999646
4686-GEFRM,0,0.11979739653984656
9411-TPQQV,0,0.0406326990056987
4652-NNHNY,1,0.5432816096087774
1349-WXNGG,0,0.2671341927296169
1982-FEBTD,0,0.038867059543438796
2592-HODOV,0,0.03849269709077691
4801-JZAZL,0,0.2701326434990869
6680-WKXRZ,1,0.5434996924545387
9866-QEVEE,1,0.5480952449440193
0383-CLDDA,0,0.04259540772890979
2754-XBHTB,1,0.5447880206612109
6865-JZNKO,0,0.278306254544199
8087-LGYHQ,1,0.5512796336476402
3249-ZPQRG,1,0.545105056350459
2829-HYVZP,0,0.03852228150364814
0564-JJHGS,1,0.551852780348404
1053-MXTTK,0,0.12148425758181157
2321-OMBXY,0,0.04226750202995263
4213-HKBJO,0,0.03887302988275256
4500-HKANN,0,0.040954740809376756
7508-DQAKK,0,0.042663890733182726
2778-OCLGR,0,0.2731363421844773
2896-TBNBE,0,0.11681367882793799
7821-DPRQE,1,0.5566695187308778
8680-CGLTP,0,0.04089515180810346
8668-KNZTI,0,0.040582891202067754
5276-KQWHG,1,0.541595870699058
2266-FUBDZ,0,0.03849565455030933
1465-LNTLJ,0,0.28123656689968207
7044-YAACC,1,0.5418339160057094
3346-BRMIS,0,0.2760809468263386
5376-DEQCP,1,0.5419926022742555
1074-AMIOH,1,0.5568864229129588
2929-QNSRW,0,0.11972158668636264
0378-NHQXU,1,0.5489856994966201
8591-NXRCV,0,0.2845595857757713
9715-WZCLW,0,0.11954485820830427
9606-PBKBQ,1,0.5476993881562201
4587-VVTOX,1,0.5557227759337663
1304-BCCFO,0,0.28306535677973155
5127-BZENZ,0,0.04130136658683643
8882-TLVRW,0,0.03968106257016798
4831-EOBFE,1,0.5515168144069932
1776-SPBWV,0,0.03854004262694764
2667-WYLWJ,0,0.038519322080430005
9029-FEGVJ,1,0.5454418667034017
0374-AACSZ,0,0.2766562282323056
6855-VLGOS,0,0.03856669905144479
2169-RRLFW,0,0.038867059543438796
9124-LHCJQ,1,0.5478775312091138
6243-OZGFH,0,0.27499632563894033
1777-JYQPJ,0,0.2684659665812238
0320-DWVTU,0,0.1199322720098735
5199-FPUSP,0,0.03937466925324232
8138-EALND,0,0.26704034396385173
3675-EQOZA,0,0.26732195312935625
8285-ABVLB,0,0.03852524114512705
1518-OMDIK,0,0.27486889716660834
1023-BQXZE,0,0.041884253721602926
5913-INRQV,0,0.11836408374838105
8775-LHDJH,1,0.5499153948696218
7903-CMPEY,1,0.545838060923051
7608-RGIRO,0,0.03879548406874068
7816-VGHTO,0,0.03976945843526508
1600-DILPE,0,0.27501225677595414
5569-OUICF,1,0.5541439751136847
4056-QHXHZ,0,0.12127973682362735
6615-ZGEDR,0,0.26702470454067306
1813-JYWTO,0,0.11675598586300323
3791-LGQCY,1,0.5538873158988425
4536-PLEQY,1,0.5477191824331371
0723-FDLAY,0,0.0425888910188
0508-SQWPL,0,0.03854004262694764
9940-RHLFB,1,0.543856519285369
5016-ETTFF,0,0.2701011365090129
5919-TMRGD,1,0.5454616777852423
6713-OKOMC,0,0.27017990832458727
7722-CVFXN,0,0.12089706032287884
3572-UOLYZ,1,0.5476202095402826
9617-INGJY,1,0.5419926022742555
9163-GHAYE,0,0.27624067296674004
5384-ZTTWP,0,0.2670559839692828
4129-LYCOI,0,0.12069339230987026
5294-CDGWY,0,0.04092964057927354
9481-SFCQY,0,0.2797529641120478
9253-QXKBE,1,0.5514377567521028
8046-DNVTL,0,0.039650624934228204
1640-PLFMP,1,0.5418537522540796
5125-CNDSP,0,0.0397725099328417
9957-YODKZ,1,0.546036136298347
5386-THSLQ,0,0.040075721610713946
6698-OXETB,0,0.038557811610810046
0148-DCDOS,1,0.551536578414081
0114-PEGZZ,1,0.5566103592911531
8741-LQOBK,0,0.2718532714527434
7993-NQLJE,1,0.543777228311397
0731-EBJQB,0,0.038557811610810046
8399-YNDCH,0,0.27983347159672045
0410-IPFTY,1,0.5472440782663491
0311-UNPFF,1,0.5492033186763001
4676-MQUEA,0,0.12033768556817946
3522-CDKHF,1,0.5439358080364729
9330-DHBFL,0,0.04136785898427085
4121-AGSIN,0,0.03880144385726044
8580-AECUZ,1,0.5453626209379637
5533-RJFTJ,0,0.2703217340472503
9795-SHUHB,0,0.040860690860250314
2324-EFHVG,0,0.1207612487362357
1025-FALIX,1,0.5413776458170573
4504-YOULA,0,0.2796402774347815
4957-SREEC,0,0.03855484956749244
8547-NSBBO,1,0.5523467618534618
7233-PAHHL,0,0.04250751248196889
6257-DTAYD,0,0.12071883461399596
8577-QSOCG,0,0.038545964748015756
0864-FVJNJ,0,0.122288160678089
3027-YNWZU,0,0.03883125598096342
7941-RCJOW,0,0.038507486569871255
3452-ABWRL,1,0.5481150361902625
9621-OUPYD,0,0.038545964748015756
3318-OSATS,1,0.5518330189530627
7858-GTZSP,1,0.5483129402727254
2252-JHJGE,0,0.12069339230987026
2528-HFYZX,1,0.5443123991266261
4177-JPDFU,0,0.271521240710442
0082-LDZUE,0,0.2747892729931129
9576-SYUHJ,1,0.5501329330573629
7718-UPSKJ,0,0.1211010246885271
8861-HGGKB,1,0.5482733606766113
6900-PXRMS,1,0.5559003212418975
6777-TGHTM,0,0.1211946074719231
5393-HJZSM,0,0.28509671530587205
4598-ZADCK,0,0.04057355875069559
3766-EJLFL,0,0.121552497183877
6655-LHBYW,0,0.12245979350908218
2951-QOQTK,1,0.546036136298347
9158-VCTQB,1,0.5589951652198738
2832-SCUCO,0,0.26708726572683306
1122-JWTJW,1,0.5420124374594774
8593-WHYHV,1,0.5478181515522442
6807-SIWJI,0,0.1208376265516814
3349-ANQNH,0,0.1199322720098735
0386-CWRGM,0,0.038498612227970276
9601-BRXPO,1,0.555584675298292
2450-ZKEED,0,0.04058600247600857
1178-PZGAB,0,0.03854892613611001
9725-SCPZG,1,0.5500142782353564
4919-MOAVT,1,0.5416157085347115
9170-GYZJC,0,0.2862707473451909
5294-IMHHT,0,0.11963740213257512
7341-LXCAF,1,0.5435988155130943
2523-EWWZL,1,0.5441736609130163
6112-KTHFQ,0,0.26689961011842406
6339-RZCBJ,0,0.04217702548863846
5233-GEEAX,0,0.27006963183398497
4077-CROMM,1,0.5552887164749031
6857-VWJDT,1,0.5519120635516649
7606-BPHHN,0,0.03852228150364814
2091-MJTFX,0,0.2769921506970556
7581-EBBOU,0,0.041615728590555096
7609-NRNCA,0,0.038507486569871255
6124-ACRHJ,0,0.26704034396385173
2990-HWIML,1,0.5494802613086209
4317-VTEOA,0,0.27684815311907224
8404-FYDIB,1,0.5483525192576677
8739-WWKDU,1,0.5494802613086209
2263-SFSQZ,0,0.03882827377976657
1641-RQDAY,1,0.5537885931575494
8713-IGZSO,0,0.26863862059859006
1227-UDMZR,0,0.04297501121422495
8393-JMVMB,0,0.26694651615917747
3280-MRDOF,0,0.04154885504918238
7010-ZMVBF,0,0.2672593570169381
8325-QRPZR,1,0.5437970512630675
0723-VSOBE,0,0.03938373726403997
4104-PVRPS,0,0.27776091758433963
8034-RYTVV,0,0.1173836913283869
7605-SNLQG,0,0.2766882100070631
5143-EGQFK,0,0.27014839786222017
2452-SNHFZ,1,0.5439159860573072
2192-CKRLV,0,0.04030071952388594
7410-OIEDU,1,0.5456597806772762
6556-DBKZF,0,0.11603281013735915
8868-GAGIO,1,0.547521232881364
6479-VDGRK,0,0.042592149254765274
2746-DIJLO,0,0.04074185774333405
2123-VSCOT,0,0.0417401955597289
2789-HQBOU,1,0.5458578691145582
8957-THMOA,0,0.03854300357829986
3703-VAVCL,1,0.5496780587148665
8361-LTMKD,1,0.5434996924545387
0756-MPZRL,0,0.03935351834751238
7890-VYYWG,0,0.2722963746870671
5146-CBVOE,1,0.543777228311397
8859-DZTGQ,0,0.03855484956749244
6892-EZDTG,1,0.5503306784127819
4402-FTBXC,1,0.5495989416332414
3282-ZISZV,0,0.04248800375507274
1627-AFWVJ,0,0.038498612227970276
8201-AAXCB,0,0.27993009927507456
9844-FELAJ,0,0.12135639730495679
1104-FEJAM,0,0.28123656689968207
4396-KLSEH,0,0.26707162455694905
4776-XSKYQ,0,0.03914561311170999
8910-LEDAG,1,0.5423694479609215
6345-HOVES,0,0.268701421292396
3259-QMXUN,0,0.04264431343327224
0734-OXWBT,0,0.2832762095655224
8445-DNBAE,0,0.2766242487404789
1384-RCUXW,1,0.5459371004283308
4636-OLWOE,0,0.04103641836199028
6818-WOBHJ,1,0.5495198220431318
7598-UAASY,1,0.5442925798023823
1215-FIGMP,1,0.5496385004878596
0384-LPITE,0,0.04110250249827937
0257-ZESQC,1,0.5438168740759942
7758-XKCBS,0,0.27016415280405975
8109-YUOHE,0,0.04072936826118126
3936-QQFLL,0,0.26704034396385173
4597-NUCQV,1,0.5541242331203813
7964-ZRKKG,0,0.11807255219652804
1934-MKPXS,0,0.03854004262694764
1062-LHZOD,1,0.5417148957327506
2535-PBCGC,0,0.041260255891042694
4189-NAKJS,0,0.04044622106711844
8835-VSDSE,1,0.5420322725115266
9134-CEQMF,1,0.5494802613086209
5275-SQEIZ,1,0.5460559430354406
9046-JBFWA,0,0.2668527093193521
4741-WWJQZ,1,0.5457786354781615
4210-QFJMF,1,0.5453824325949113
9753-OYLBX,0,0.2672750051720739
5583-EJXRD,0,0.04060156227252351
8144-DGHXP,0,0.04228691398293983
2351-RRBUE,0,0.03857262510424998
9314-QDMDW,0,0.0410521434494724
5013-SBUIH,0,0.12165491851144175
1866-DIOQZ,0,0.041402729202033445
4859-ZSRDZ,0,0.04069192180776655
9135-MGVPY,0,0.04255306613851741
1042-HFUCW,0,0.04064516010065747
9639-BUJXT,0,0.0385637363527715
1866-NXPSP,0,0.04196127902967802
1591-XWLGB,0,0.03852524114512705
1744-JHKYS,0,0.2685915261729014
7029-IJEJK,0,0.03998667335985862
2946-KIQSP,0,0.271347421401416
5970-GHJAW,0,0.03853116108292599
5649-VUKMC,0,0.11925920441547397
4439-YRNVD,0,0.27223304655977487
2070-XYMFH,1,0.5454616777852423
3082-YVEKW,0,0.042064190153990245
5268-DSMNQ,0,0.11967106981421312
5144-TVGLP,1,0.5515563422583927
0682-USIXD,1,0.5481150361902625
5868-YWPDW,1,0.5473826592465226
5232-NXPAY,0,0.041890667329667335
3334-CTHOL,0,0.276592271531747
9500-LTVBP,1,0.5457390177902118
2068-WWXQZ,0,0.0385370818939444
3003-CMDUU,1,0.5517144471456167
6439-PKTRR,0,0.042293386527413254
1834-WULEG,0,0.03854892613611001
1265-BCFEO,0,0.04227720694148231
2428-HYUNX,0,0.03849565455030933
5183-SNMJQ,1,0.5516946846057127
0375-HVGXO,0,0.2717425662722412
3583-KRKMD,1,0.5440943788542523
7964-VEXDG,1,0.5458578691145582
6848-YLDFR,0,0.04193879933416397
8695-WDYEA,0,0.27700815327972356
9388-ZEYVT,0,0.03998974083015911
3580-GICBM,0,0.03878356712697671
3262-EIDHV,0,0.04255306613851741
4816-JBHOV,0,0.27491667854681323
8155-IBNHG,1,0.5438961639390266
0847-HGRML,0,0.0385341213792754
0927-CNGRH,0,0.2669777897648266
7801-KICAO,1,0.5434005659505781
6661-EIPZC,0,0.2701011365090129
6215-NQCPY,1,0.5535121469326397
6050-FFXES,0,0.12092253965623068
9150-HEPMB,0,0.040517607190553466
6377-KSLXC,0,0.2671029074789173
8265-HKSOW,0,0.12127973682362735
7639-OPLNG,0,0.042199627251766895
2858-MOFSQ,0,0.04071376156391088
7235-NXZCP,1,0.5436781114740518
5304-EFJLP,0,0.12199686002225102
2252-NKNSI,0,0.04258237526134425
2754-VDLTR,1,0.551734209522195
5027-XWQHA,0,0.2749326068194466
7562-GSUHK,1,0.550943587668478
5820-PTRYM,0,0.04150750867318867
7145-FEJWU,1,0.5557227759337663
4760-XOHVN,0,0.26694651615917747
4395-PZMSN,1,0.5479171168899214
1735-XMJVH,0,0.2669152448829559
5519-YLDGW,1,0.5551703219504032
1218-VKFPE,0,0.26680581376243034
4910-GMJOT,1,0.5514970502371904
6366-ZGQGL,0,0.26862292187621967
1660-HSOOQ,0,0.27649635360575747
3190-FZATL,0,0.2671029074789173
4903-UYAVB,0,0.2669152448829559
8064-RAVOH,0,0.2765602966062737
9938-ZREHM,0,0.0417401955597289
9629-NHXFW,0,0.2669308802298795
4980-URKXC,0,0.03858447983210681
4818-QIUFN,1,0.5453824325949113
9851-QXEEQ,1,0.5554860267284043
5473-KHBPS,0,0.11929278008858944
6348-SNFUS,0,0.0406888027585324
4670-TABXH,0,0.1216719959592329
7021-XSNYE,0,0.04032854264990161
4547-KQRTM,1,0.5457390177902118
5149-TGWDZ,0,0.12078670337966282
4178-EGMON,0,0.1180060037944834
4302-ZYFEL,0,0.03856669905144479
5312-UXESG,1,0.5528603930254863
3070-FNFZQ,0,0.038557811610810046
3733-ZEECP,0,0.2769601472426442
6917-IAYHD,0,0.2713948197410552
2439-LYPMQ,1,0.5546572068036039
1031-IIDEO,1,0.5420917768680197
1833-TCXKK,1,0.5566892381870274
5688-KZTSN,0,0.26711854981318434
1530-ZTDOZ,0,0.27362839293999647
5154-VEKBL,0,0.27933455362538323
2662-NNTDK,0,0.03881932849478869
2955-BJZHG,1,0.5460559430354406
5976-JCJRH,1,0.5418735883697734
4452-ROHMO,0,0.03851044512019327
7927-AUXBZ,1,0.5477587705340599
3970-XGJDU,0,0.03848678282603892
7208-PSIHR,0,0.12074428154491726
6968-GMKPR,1,0.5463332220197842
3932-IJWDZ,1,0.5550716550616479
9019-QVLZD,1,0.5455409206726798
0257-KXZGU,0,0.28060706374011796
2070-FNEXE,1,0.5443123991266261
1498-DQNRX,0,0.26707162455694905
9766-HGEDE,0,0.03849565455030933
6345-FZOQH,0,0.03852820100488144
7255-SSFBC,0,0.12209960373126238
9227-UAQFT,0,0.038519322080430005
3865-ZYKAD,1,0.5476597991497822
6122-EFVKN,0,0.039477557386655336
3324-OIRTO,0,0.12080367571314328
2382-BCKQJ,0,0.12004195488576237
1809-DMJHQ,0,0.2753309997810461
9063-ZGTUY,0,0.2669308802298795
4692-NNQRU,0,0.11655014138019922
4140-MUHUG,1,0.5484316753920717
2272-WUSPA,0,0.12184288404567828
0988-JRWWP,0,0.27795331434632564
2475-MROZF,1,0.5516551590361716
2143-LJULT,0,0.038846170284144464
9129-UXERG,1,0.5550519211626246
9541-ZPSEA,0,0.11673950670108245
0742-LAFQK,0,0.11987324786044891
2479-BRAMR,1,0.5472044823543947
5278-PNYOX,0,0.12012638526541196
7029-RPUAV,1,0.5538083380455036
7967-HYCDE,1,0.5420322725115266
3902-FOIGH,1,0.5541637169361672
8840-DQLGN,1,0.5538280827636708
8809-RIHDD,0,0.12059166935070355
2722-JMONI,0,0.2764643855310419
5968-VXZLG,0,0.2755223554982006
3544-FBCAS,0,0.042481502747688984
9833-TGFHX,0,0.11952803868853161
3191-CSNMG,1,0.5459965223870652
7010-BRBUU,0,0.03877760997349626
9518-IMLHK,0,0.28384436198084817
8263-QMNTJ,0,0.12266602646661685
5003-OKNNK,0,0.03855484956749244
2034-CGRHZ,1,0.5547953646983876
5056-FIMPT,0,0.12103300362181246
5256-SKJGO,0,0.040635813936406986
1702-CCFNJ,0,0.28025233878609
8816-VXNZD,1,0.543777228311397
8752-STIVR,1,0.5453229971932635
2429-AYKKO,0,0.03852524114512705
6171-ZTVYB,0,0.2818345818126922
7799-LGRDP,0,0.03887302988275256
1431-AIDJQ,0,0.04238410163647603
8190-ZTQFB,0,0.040433818392796465
4312-GVYNH,0,0.04034091438952289
4948-WBBKL,1,0.5436979351185137
1698-XFZCI,0,0.12133083917183982
5216-WASFJ,1,0.5476400044203844
8111-RKSPX,1,0.5426272618404387
6815-ABQFQ,0,0.12124567889943243
8079-XRJRS,0,0.11829739307271081
5606-AMZBO,1,0.5449861722380258
3808-HFKDE,0,0.2748051966817011
8414-OOEEL,0,0.04221577845648139
6380-ARCEH,0,0.2671811249717326
9101-BWFSS,0,0.12146720284023185
8752-GHJFU,0,0.1186729516499093
2530-ENDWQ,0,0.11895739088997824
3472-QPRCH,0,0.038846170284144464
2692-PFYTJ,0,0.26892129684087396
6668-CNMFP,0,0.11823073493393682
7326-RIGQZ,1,0.5416752212498288
0420-BWTPW,0,0.26884275680385566
1179-INLAT,0,0.03850157012377447
1803-BGNBD,0,0.27798538844108484
4277-UDIEF,0,0.2866300563533396
3904-UKFRE,1,0.5457588267066146
7026-YMSBE,0,0.038516362875457934
0354-VXMJC,0,0.03851044512019327
2961-VNFKL,0,0.03888795958130219
9609-BENEA,0,0.041542491504694315
9146-JRIOX,0,0.2688584636508976
8685-WHQPW,1,0.5434996924545387
3736-BLEPA,0,0.11854765095804855
1391-UBDAR,1,0.5429048820203566
2324-AALNO,0,0.038804424080981455
0093-EXYQL,1,0.5502911306121094
4627-MIHJH,0,0.12175741417842319
5605-XNWEN,0,0.03883125598096342
4707-YNOQA,0,0.038867059543438796
9885-AIBVB,1,0.5480160784384874
8580-QVLOC,0,0.04306053696265775
5780-INQIK,0,0.2764164377013564
7470-DYNOE,0,0.04104270770497348
6368-TZZDT,0,0.038504528237736556
3765-JXVKY,1,0.5436186397106763
5951-AOFIH,0,0.2818831033555201
4750-ZRXIU,1,0.5475410285140639
5469-CTCWN,0,0.12103300362181246
1769-GRUIK,1,0.542190948126274
6023-GSSXW,0,0.04106472767216028
0374-FIUCA,0,0.038557811610810046
6038-GCYEC,0,0.2779372781525198
2087-QAREY,0,0.2781137075790231
2233-TXSIU,0,0.04000815038819864
8838-GPHZP,0,0.03856966196859937
4781-ZXYGU,0,0.2671654803089084
6674-KVJHG,0,0.03884318698383277
6474-FVJLC,1,0.5480952449440193
1187-WILMM,0,0.04286013657308766
8510-AWCXC,1,0.5539465475037418
4929-ROART,0,0.27861128800915996
1430-SFQSA,0,0.03946846866154723
2495-INZWQ,0,0.27486889716660834
3729-OWRVL,0,0.12177450401940337
0876-WDUUZ,1,0.5478577381415168
3392-EHMNK,0,0.11902440341426941
8646-JCOMS,0,0.11843080697114039
5445-PZWGX,0,0.12035460344479151
9509-MPYOD,0,0.0385785520310981
5569-IDSEY,0,0.12098200944457113
0618-XWMSS,1,0.5436979351185137
9224-VTYID,0,0.042932309203221525
1555-HAPSU,0,0.0387656983007478
1541-ETJZO,0,0.28047804116550085
5293-WXJAK,1,0.5552295199963824
7813-TKCVO,0,0.03855484956749244
3915-ODIYG,0,0.04171782914663155
5702-SKUOB,0,0.2669934274411432
7730-IUTDZ,1,0.5438168740759942
6599-CEBNN,1,0.5433212622719138
3629-WEAAM,0,0.2811396643234165
2578-JQPHZ,0,0.12003351466694137
3486-KHMLI,0,0.2685915261729014
2919-HBCJO,1,0.5443916750194765
6582-PLFUU,0,0.038507486569871255
1612-EOHDH,0,0.27506005362381275
0463-WZZKO,0,0.2673532546772651
6635-MYYYZ,0,0.04259540772890979
5590-YRFJT,0,0.26851304707374063
9812-GHVRI,1,0.5472440782663491
6402-SSEJG,0,0.041039562918157156
7234-FECYN,1,0.5541637169361672
7056-IMHCC,1,0.5543808656919031
6980-CDGFC,0,0.03858447983210681
2428-ZMCTB,0,0.26704034396385173
1403-GYAFU,0,0.0385370818939444
6469-QJKZW,0,0.2671654803089084
3643-AHCFP,1,0.5518923026477662
3627-FHKBK,1,0.543856519285369
4320-QMLLA,0,0.27816183664229965
8213-TAZPM,0,0.1215013143868093
1052-QJIBV,0,0.03852820100488144
6377-WHAOX,1,0.5560581273117023
5673-FSSMF,0,0.2798656785567669
5178-LMXOP,1,0.5516946846057127
8963-MQVYN,0,0.26729065390920065
4661-NJEUX,0,0.2671341927296169
4360-PNRQB,1,0.543975451577213
2957-LOLHO,0,0.27513972649176993
9272-LSVYH,1,0.5418140796247244
5382-SOYZL,1,0.5516946846057127
9585-KKMFD,0,0.0385341213792754
4713-LZDRV,1,0.5455607310342495
3096-IZETN,1,0.5449663577203514
4936-YPJNK,0,0.26708726572683306
8276-MQBYC,1,0.5527616265273889
8393-DLHGA,1,0.5520108656108932
1583-IHQZE,1,0.558739074879752
1498-NHTLT,0,0.0426867417695432
7077-XJMET,0,0.2843969396300101
3441-CGZJH,0,0.04099870167306198
6837-BJYDQ,0,0.03851044512019327
2180-DXNEG,1,0.5520503852853212
4135-FRWKJ,0,0.0420062729901281
3208-YPIOE,1,0.5438366967501153
6180-YBIQI,0,0.2684659665812238
5569-KGJHX,1,0.5478379449225398
2195-ZRVAX,1,0.5478181515522442
6969-MVBAI,1,0.549717616313772
8812-ZRHFP,0,0.11774843554370537
7794-JASDG,0,0.27684815311907224
9086-YJYXS,0,0.04206741001183383
8619-IJNDK,0,0.04122865892903071
3858-XHYJO,0,0.12099050718725295
5947-SGKCL,1,0.5557425038937478
0584-BJQGZ,0,0.28576490644121144
6253-WRFHY,0,0.041272901163283526
6407-GSJNL,0,0.03882827377976657
5707-ORNDZ,0,0.27806558363536854
8071-SBTRN,0,0.12191129713922538
5271-DBYSJ,1,0.5453824325949113
3043-SUDUA,0,0.26708726572683306
0820-FNRNX,0,0.28198016166325285
8868-WOZGU,1,0.5558805946895268
2346-CZYIL,0,0.03855484956749244
5791-KAJFD,0,0.04152658672241556
5788-YPOEG,0,0.042556321755548104
7576-ASEJU,0,0.04190670545888402
0420-TXVSG,0,0.041358353802966756
8148-BPLZQ,0,0.2765443099998101
0137-OCGAB,1,0.545798444104791
9140-CZQZZ,0,0.04222224059278941
4585-HETAI,1,0.543241956397098
5135-RDDQL,0,0.040390437715069026
9830-ECLEN,0,0.040350195580137194
0236-HFWSV,1,0.5510028932884505
5248-RPYWW,0,0.04290933260212898
4013-TLDHQ,1,0.5450258008459624
6619-RPLQZ,0,0.03858447983210681
9560-BBZXK,0,0.03919372899069418
9058-CBREO,0,0.2767841690272809
9546-KDTRB,0,0.2685915261729014
2882-WDTBA,0,0.04197412974248537
0343-QLUZP,0,0.039711522605249
3814-MLAXC,1,0.5456597806772762
9274-UARKJ,1,0.5469866941732293
8280-MQRQN,0,0.27675218040471483
2091-RFFBA,1,0.5433014360089444
4471-KXAUH,1,0.5474222524640663
2082-OJVTK,1,0.5493615753531486
6726-NNFWD,0,0.11824739641885383
0970-ETWGE,1,0.5495000417541133
4983-CLMLV,1,0.5546966813507448
9564-KCLHR,0,0.27700815327972356
2043-WVTQJ,0,0.27843466467749184
7856-GANIL,0,0.11979739653984656
5564-NEMQO,1,0.543856519285369
1100-DDVRV,0,0.2765443099998101
0979-MOZQI,0,0.03967497325152857
0979-PHULV,1,0.5534134081078388
0071-NDAFP,0,0.03886109008400822
2692-BUCFV,1,0.554203200068426
6384-VMJHP,0,0.041797761869226305
7654-YWJUF,0,0.1173836913283869
5515-IDEJJ,0,0.26708726572683306
1548-ARAGG,0,0.27933455362538323
5177-RVZNU,0,0.03855188774259733
4877-EVATK,0,0.26711854981318434
2676-SSLTO,0,0.04136152196451181
6870-ECSHE,0,0.038560773872564826
6087-YPWHO,0,0.04148843900936291
2900-PHPLN,0,0.038507486569871255
6629-LADHQ,0,0.27691214633864697
1399-OUPJN,0,0.038519322080430005
2150-OEGBV,0,0.03854004262694764
6142-VSJQO,0,0.2748051966817011
4657-FWVFY,1,0.552188698965163
1095-JUDTC,1,0.5516749219025439
0666-UXTJO,1,0.5477785643579427
4632-XJMEX,0,0.04115292067191066
5565-FILXA,1,0.5521096635640839
8374-XGEJJ,1,0.5540255205936784
2235-EZAIK,0,0.04219639771973714
7876-DNYAP,0,0.03852228150364814
2748-MYRVK,0,0.11999975891638676
8128-YVJRG,1,0.54558054125158
9537-JALFH,0,0.03852820100488144
5204-QZXPU,0,0.27331087760451056
8180-AKMJV,0,0.27486889716660834
6603-QWSPR,0,0.1207612487362357
4855-SNKMY,0,0.2747255839699112
0495-RVCBF,1,0.5456003513246094
7798-JVXYM,0,0.2829356484385029
5485-ITNPC,0,0.04263126666882324
